Zeitstempel,Forschende sollten die Öffentlichkeit über ihre Arbeit informieren.,Wissenschaftliche Forschung sollte staatlich unterstützt werden.,Politische Entscheidungen sollten auf wissenschaftlichen Erkenntnissen beruhen.,"Leute wie ich sollten mitentscheiden, zu welchen Themen geforscht wird.","Forschende wissen am besten, was gut für die Zukunft der Schweiz ist.",Forschende stecken mit Politik und Wirtschaft unter einer Decke.
15.09.2026 12:46:00,5,5,4,3,4,3
15.09.2026 12:22:00,5,5,5,3,2,2
15.09.2026 10:53:00,4,3,3,3,2,4
15.09.2026 10:43:00,4,4,5,5,2,2
15.09.2026 10:27:00,4,5,4,3,2,2
15.09.2026 11:39:00,5,5,3,1,2,2
15.09.2026 10:20:00,5,5,4,3,3,2
15.09.2026 11:14:00,3,5,5,3,2,1
15.09.2026 12:57:00,4,3,5,4,3,3
15.09.2026 12:46:00,4,4,3,4,4,3
15.09.2026 11:23:00,4,5,5,2,2,1
15.09.2026 12:10:00,3,5,3,3,3,3
15.09.2026 11:10:00,4,3,3,2,3,2
15.09.2026 12:09:00,5,5,5,3,3,1
15.09.2026 10:19:00,3,5,3,3,1,1
15.09.2026 12:57:00,4,3,3,2,2,2
15.09.2026 11:54:00,5,4,4,1,4,2
15.09.2026 12:12:00,5,3,4,4,2,2
15.09.2026 10:44:00,3,4,4,3,2,2
15.09.2026 11:35:00,5,3,4,3,4,1
15.09.2026 10:24:00,4,3,5,2,4,3
15.09.2026 12:23:00,5,5,2,1,4,1
15.09.2026 12:59:00,5,5,5,3,1,2
15.09.2026 10:33:00,5,5,5,3,2,2
15.09.2026 12:44:00,5,5,5,3,2,2
15.09.2026 12:07:00,5,5,5,2,1,2
15.09.2026 11:47:00,5,5,3,3,1,2
15.09.2026 12:55:00,4,3,5,3,3,2
15.09.2026 10:52:00,5,5,3,3,3,4
15.09.2026 11:56:00,5,3,5,3,2,2
15.09.2026 10:26:00,5,4,5,4,3,3
15.09.2026 10:18:00,5,4,2,4,3,1
15.09.2026 13:01:00,5,4,3,2,3,3
15.09.2026 10:17:00,3,4,4,2,1,1
15.09.2026 12:18:00,5,5,5,3,1,1
15.09.2026 11:03:00,3,5,3,2,3,2
15.09.2026 12:51:00,3,4,5,2,2,1
15.09.2026 11:44:00,5,5,2,3,3,2
